INSERT INTO applicant VALUES ('abc123','John Smith','5735551234','fake@fake.fake','3.59','12/2016', 'undergrad','Missing Person','100','12/2015');
INSERT INTO applicant VALUES ('zyx987','Richard Nixon','8885554321','jowels@president.fake','2.10','05/2016','undergrad','Ok president','60','12/2015');
INSERT INTO applicant VALUES ('fewft3','Andrew Jackson','5735558888','banks@president.fake','3.73','05/2016', 'graduate','Ok president, issues with banks','80','12/2015');
INSERT INTO applicant VALUES ('wer443','Michael Jordan','8085555678','winning@basket.ball','3.55','12/2016','graduate','Bulls','75','12/2015');
INSERT INTO applicant VALUES ('jfj675','Rene Magritte','1235551234','paint@art.null','2.05','05/2016','undergrad','Art','60','12/2015');
INSERT INTO applicant VALUES ('bobros','Bob Ross','3145555555','paint@art.happylittletrees','2.00','05/2016','undergrad','Happy little art','65','12/2015');
INSERT INTO applicant VALUES ('disney','Walt Disney','8125555555','mickey@mouse.disney','3.56','05/2016','graduate','Might have been prejudiced');
INSERT INTO applicant VALUES ('gwbush','George W Bush','1235555555','misunderestimate@president.fake','1.80','12/2016','undergrad','Theres not even a cabinet in here');

INSERT INTO instructor VALUES ('scottgs','Grant Scott');
INSERT INTO instructor VALUES ('klaricm','Matthew Klaric');
INSERT INTO instructor VALUES ('dickinsonm','Matthew Dickinson');
INSERT INTO instructor VALUES ('guilliamsd','Joe Guilliams');
INSERT INTO instructor VALUES ('chadhar','Rohit Chadha');


INSERT INTO course VALUES ('CS1000','Introduction to Computer Science','klaricm');
INSERT INTO course VALUES ('CS1001','Topics in Computer Science','scottgs');
--INSERT INTO course VALUES ('CS1040','Algorithm Design and Programming I','guilliamsd');
INSERT INTO course VALUES ('CS1050','Algorithm Design and Programming I','guilliamsd');
INSERT INTO course VALUES ('CS2001','Topics in Computer Science','chadhar');
INSERT INTO course VALUES ('CS2050','Algorithm Design and Programming II','klaricm');
--INSERT INTO course VALUES ('CS2011','Software Engineering','scottgs');
INSERT INTO course VALUES ('CS2270','Introduction to Digital Logic','guilliamsd');
INSERT INTO course VALUES ('CS2830','Introduction to the Internet, WWW & Multimedia Systems','guilliamsd');
INSERT INTO course VALUES ('CS3001','Topics in Computer Science','chadhar');
INSERT INTO course VALUES ('CS3050','Advanced Algorithm Design','klaricm');
INSERT INTO course VALUES ('CS3280','Computer Organization and Assembly Language','scottgs');
INSERT INTO course VALUES ('CS3330','Object Oriented Programming','guilliamsd');
INSERT INTO course VALUES ('CS3380','Database Applications and Information Systems','guilliamsd');
INSERT INTO course VALUES ('CS3530','Unix Operating Systems','chadhar');
INSERT INTO course VALUES ('CS3940','Internship in Computer Science','klaricm');
INSERT INTO course VALUES ('CS4001','Topics in Computer Science','scottgs');
INSERT INTO course VALUES ('CS4050','Design and Analysis of Algorithms I','guilliamsd');
INSERT INTO course VALUES ('CS4060','String Algorithms','guilliamsd');
INSERT INTO course VALUES ('CS4070','Numerical Methods for Science and Engineering','chadhar');
INSERT INTO course VALUES ('CS4085','Problems in Computer Science','klaricm');
INSERT INTO course VALUES ('CS4270','Computer Architecture I','scottgs');
INSERT INTO course VALUES ('CS4280','Network Systems Architecture','guilliamsd');
INSERT INTO course VALUES ('CS4320','Software Engineering I','guilliamsd');
INSERT INTO course VALUES ('CS4330','Object Oriented Design I','chadhar');
INSERT INTO course VALUES ('CS4380','Database Management Systems I','klaricm');
INSERT INTO course VALUES ('CS4410','Theory of Computation I','scottgs');
INSERT INTO course VALUES ('CS4430','Compilers I','guilliamsd');
INSERT INTO course VALUES ('CS4440','Malware Analysis and Defense','guilliamsd');
INSERT INTO course VALUES ('CS4450','Principles of Programming Languages','chadhar');
INSERT INTO course VALUES ('CS4520','Operating Systems I','klaricm');
INSERT INTO course VALUES ('CS4610','Computer Graphics I','scottgs');
INSERT INTO course VALUES ('CS4620','Physically Based Modeling and Animation','guilliamsd');
INSERT INTO course VALUES ('CS4650','Digital Image Processing','guilliamsd');
INSERT INTO course VALUES ('CS4670','Digital Image Compression','chadhar');
INSERT INTO course VALUES ('CS4720','Introduction to Machine Learning and Pattern Recognition','klaricm');
INSERT INTO course VALUES ('CS4730','Building Intelligent Robots','scottgs');
INSERT INTO course VALUES ('CS4740','Interdisciplinary Introduction to NLP','guilliamsd');
INSERT INTO course VALUES ('CS4750','Artificial Intelligence I','guilliamsd');
INSERT INTO course VALUES ('CS4770','Introduction to Computational Intelligence','chadhar');
INSERT INTO course VALUES ('CS4830','Science and Engineering of the World Wide Web','klaricm');
INSERT INTO course VALUES ('CS4850','Computer Networks I','scottgs');
INSERT INTO course VALUES ('CS4860','Network Security','guilliamsd');
INSERT INTO course VALUES ('CS4870','Wireless and Mobile Networks','guilliamsd');
INSERT INTO course VALUES ('CS4970','Senior Capstone Design I','chadhar');
INSERT INTO course VALUES ('CS4980','Senior Capstone Design II','klaricm');
INSERT INTO course VALUES ('CS4990','Undergraduate Research in Computer Science','scottgs');
INSERT INTO course VALUES ('CS4995','Undergraduate Research in Computer Science - Honors','guilliamsd');
INSERT INTO course VALUES ('CS7001','Topics in Computer Science','guilliamsd');
INSERT INTO course VALUES ('CS7010','Computational Methods in Bioinformatics','chadhar');
INSERT INTO course VALUES ('CS7050','Design and Analysis of Algorithms I','klaricm');
INSERT INTO course VALUES ('CS7060','String Algorithms','scottgs');
INSERT INTO course VALUES ('CS7070','Numerical Methods for Science and Engineering','guilliamsd');
INSERT INTO course VALUES ('CS7087','Seminar in Computer Science','guilliamsd');
INSERT INTO course VALUES ('CS7270','Computer Architecture I','chadhar');
INSERT INTO course VALUES ('CS7280','Network Systems Architecture','klaricm');
INSERT INTO course VALUES ('CS7320','Software Engineering I','scottgs');
INSERT INTO course VALUES ('CS7380','Database Management Systems I','guilliamsd');
INSERT INTO course VALUES ('CS7410','Theory of Computation I','guilliamsd');
INSERT INTO course VALUES ('CS7430','Compilers I','chadhar');
INSERT INTO course VALUES ('CS7450','Principles of Programming Languagues','klaricm');
INSERT INTO course VALUES ('CS7520','Operating Systems I','scottgs');
INSERT INTO course VALUES ('CS7610','Computer Graphics I','guilliamsd');
INSERT INTO course VALUES ('CS7620','Physically Based Modeling and Animation','guilliamsd');
INSERT INTO course VALUES ('CS7650','Digital Image Processing','chadhar');
INSERT INTO course VALUES ('CS7670','Digital Image Compression','klaricm');
INSERT INTO course VALUES ('CS7720','Introduction to Machine Learning and Pattern Recognition','scottgs');
INSERT INTO course VALUES ('CS7730','Building Intelligent Robots','guilliamsd');
INSERT INTO course VALUES ('CS7740','Interdisciplinary Introduction to Natural Language Processing','guilliamsd');
INSERT INTO course VALUES ('CS7750','Artificial Intelligence I','chadhar');
INSERT INTO course VALUES ('CS7770','Introduction to Computational Intelligence','klaricm');
INSERT INTO course VALUES ('CS7830','Science and Engineering of the World Wide Web','scottgs');
INSERT INTO course VALUES ('CS7850','Computer Networks I','guilliamsd');
INSERT INTO course VALUES ('CS7860','Network Security','guilliamsd');
INSERT INTO course VALUES ('CS7870','Wireless and Mobile Networks','chadhar');
INSERT INTO course VALUES ('CS8001','Advanced Topics in Computer Science','klaricm');
INSERT INTO course VALUES ('CS8050','Design and Analysis of Algorithms II','scottgs');
INSERT INTO course VALUES ('CS8060','Survey of Advanced Algorithm Techniques','guilliamsd');
INSERT INTO course VALUES ('CS8085','Problems in Computer Science','guilliamsd');
INSERT INTO course VALUES ('CS8090','Computational Geometry','chadhar');
INSERT INTO course VALUES ('CS8110','Problem Solving in Bioinformatics','klaricm');
INSERT INTO course VALUES ('CS8120','Structural Bioinformatics of Proteins, Complexes, Systems','scottgs');
INSERT INTO course VALUES ('CS8130','Computational Genomics','guilliamsd');
INSERT INTO course VALUES ('CS8150','Integrative Methods in Bioinformatics','guilliamsd');
INSERT INTO course VALUES ('CS8160','Content Management in Biomedical Informatics','chadhar');
INSERT INTO course VALUES ('CS8180','Machine Learning Methods for Biomedical Informatics','klaricm');
INSERT INTO course VALUES ('CS8190','Computational Systems in Biology','scottgs');
INSERT INTO course VALUES ('CS8270','Computer Architecture II','guilliamsd');
INSERT INTO course VALUES ('CS8320','Software Engineering II','guilliamsd');
INSERT INTO course VALUES ('CS8330','Object Oriented Design II','chadhar');
INSERT INTO course VALUES ('CS8370','Data Mining and Knowledge Discovery','klaricm');
INSERT INTO course VALUES ('CS8380','Database Management Systems II','scottgs');
INSERT INTO course VALUES ('CS8390','Information Indexing and Retrieval','guilliamsd');
INSERT INTO course VALUES ('CS8410','Theory of Computation II','guilliamsd');
INSERT INTO course VALUES ('CS8430','Compilers II','chadhar');
INSERT INTO course VALUES ('CS8440','Information Security: A Language-Based Approach','klaricm');
INSERT INTO course VALUES ('CS8520','Operating Systems II','scottgs');
INSERT INTO course VALUES ('CS8610','Computer Graphics II','guilliamsd');
INSERT INTO course VALUES ('CS8620','Physically Based Modeling and Animation II','guilliamsd');
INSERT INTO course VALUES ('CS8630','Data Visualization','chadhar');
INSERT INTO course VALUES ('CS8650','Advanced Image Processing','klaricm');
INSERT INTO course VALUES ('CS8660','Multimedia Security','scottgs');
INSERT INTO course VALUES ('CS8670','Multimedia Communication','guilliamsd');
INSERT INTO course VALUES ('CS8690','Computer Vision','guilliamsd');
INSERT INTO course VALUES ('CS8725','Supervised Learning','chadhar');
INSERT INTO course VALUES ('CS8735','Unsupervised Learning','klaricm');
INSERT INTO course VALUES ('CS8750','Artificial Intelligence II','scottgs');
INSERT INTO course VALUES ('CS8760','Pattern Recognition','guilliamsd');
INSERT INTO course VALUES ('CS8770','Neural Networks','guilliamsd');
INSERT INTO course VALUES ('CS8790','Filtering, Tracking and Data Fusion','chadhar');
INSERT INTO course VALUES ('CS8850','Computer Networks II','klaricm');
INSERT INTO course VALUES ('CS8860','Parallel and Distributed Processing','scottgs');
INSERT INTO course VALUES ('CS8870','Modeling and Management of Uncertainty','guilliamsd');
INSERT INTO course VALUES ('CS8880','Wireless Embedded Systems','guilliamsd');
INSERT INTO course VALUES ('CS8980','Research Masters Project in Computer Science','chadhar');
INSERT INTO course VALUES ('CS8990','Research-Masters Thesis Computer Science','klaricm');
INSERT INTO course VALUES ('CS9001','Advanced Topics in Computer Science - PhD','scottgs');
INSERT INTO course VALUES ('CS9990','Research-Doctoral Dissertation Computer Science','guilliamsd');

INSERT INTO applicantcourse VALUES ('wer443','CS1050','no','1','foo');
INSERT INTO applicantcourse VALUES ('wer443','CS3050','1','bar');
INSERT INTO applicantcourse VALUES ('zyx987','CS2050','1','baz');
INSERT INTO applicantcourse VALUES ('jfj675','CS2050','2','blah');
INSERT INTO applicantcourse VALUES ('abc123','CS4320','1','blah blah');
INSERT INTO applicantcourse VALUES ('zyx987','CS4320','2','blah blah blah');

INSERT INTO role VALUES ('wer443','applicant');
INSERT INTO role VALUES ('zyx987','applicant');
INSERT INTO role VALUES ('jfj675','applicant');
INSERT INTO role VALUES ('abc123','applicant');
INSERT INTO role VALUES ('fewft3','applicant');
INSERT INTO role VALUES ('bobros','applicant');
INSERT INTO role VALUES ('disney','applicant');
INSERT INTO role VALUES ('scottgs','instructor');
INSERT INTO role VALUES ('klaricm','instructor');
INSERT INTO role VALUES ('dickinsonm','instructor');
INSERT INTO role VALUES ('guilliamsd','instructor');
INSERT INTO role VALUES ('chadhar','instructor');

INSERT INTO users VALUES ('abc123','John Smith','5735551234','fake@fake.fake','password');
INSERT INTO users VALUES ('zyx987','Richard Nixon','8885554321','jowels@president.fake','password');
INSERT INTO users VALUES ('fewft3','Andrew Jackson','5735558888','banks@president.fake','password');
INSERT INTO users VALUES ('wer443','Michael Jordan','8085555678','winning@basket.ball','password');
INSERT INTO users VALUES ('jfj675','Rene Magritte','1235551234','paint@art.null','password');
INSERT INTO users VALUES ('bobros','Bob Ross','3145555555','paint@art.happylittletrees','password');
INSERT INTO users VALUES ('disney','Walt Disney','mickey@mouse.disney','password');
INSERT INTO users VALUES ('scottgs','Grant Scott','scottgs@missouri.edu','password');
INSERT INTO users VALUES ('klaricm','Matthew Klaric','klaricm@missouri.edu','password');
INSERT INTO users VALUES ('dickinsonm','Matthew Dickinson','dickinsonm@missouri.edu'),'password';
INSERT INTO users VALUES ('guilliamsd','Joe Guilliams','guilliamsd@missouri.edu','password');
INSERT INTO users VALUES ('chadhar','Rohit Chadha','chadhar@missouri.edu','password');

INSERT INTO password_resets VALUES ('fake@fake.fake','pass');
INSERT INTO password_resets VALUES ('jowels@president.fake','pass');
INSERT INTO password_resets VALUES ('banks@president.fake','pass');
INSERT INTO password_resets VALUES ('winning@basket.ball','pass');
INSERT INTO password_resets VALUES ('paint@art.null','pass');
INSERT INTO password_resets VALUES ('paint@art.happylittletrees');
INSERT INTO password_resets VALUES ('mickey@mouse.disney','pass');
INSERT INTO password_resets VALUES ('scottgs@missouri.edu','pass');
INSERT INTO password_resets VALUES ('klaricm@missouri.edu','pass');
INSERT INTO password_resets VALUES ('dickinsonm@missouri.edu','pass');
INSERT INTO password_resets VALUES ('guilliamsd@missouri.edu','pass');
INSERT INTO password_resets VALUES ('chadhar@missouri.edu','pass');
